{
  "PIX": 1,
  "MRK": 1,
  "WISH-ETH": 10,
  "WISH-BTC": 100,
  "LALA": 1,
  "DAT": 1,
  "KIN": 10000,
  "REQ": 0.00000001,
  "LTC": 0.00000001,
  "XEM": 0.00000001,
  "XDCE": 100,
  "ZEN": 0.001,
  "OMG": 0.00000001,
  "NEO": 0.00000001,
  "DASH": 0.00000001,
  "LSK": 0.00000001,
  "ARK": 0.00000001,
  "GAT": 1000, // 100 for ETH and 1000 for BTC
  "GAT-ETH": 100,
  "COSS-TUSD": 0.00000001,
  "BCH-BTC": 0.00000001,
  "BCH-ETH": 0.00000001,
  "BCH-COSS": 0.00000001,
  "BCH-TUSD": 0.00000001,
  "ETH-GUSD": 0.00000001,
  "BTC-GUSD": 0.00000001,
  "ETH-USDC": 0.00000001,
  "BTC-USDC": 0.00000001
}