{
  "COSS-TUSD": 0.00000001,
  "DASH-BTC": 0.001,
  "OMG-ETH":  0.00006
}